Workbook

Sheet zadání

Sheet rozdělení obchodníků
B2: ID prodejce | C2: Obchodník | D2: Region | E2: Nástup
B3: P002 | C3: Tuček | D3: Praha | E3: 45901 | G3: nastoupili později než v říjnu 2025
B4: P005 | C4: Filipovský | D4: Morava | E4: 45962
B5: P007 | C5: Šlajs | D5: Praha | E5: 45809
B6: P008 | C6: Marvan | D6: Čechy | E6: 45717
B7: P020 | C7: Potůček | D7: Praha | E7: 44958
B8: P021 | C8: Mladá | D8: Čechy | E8: 45566
B9: P023 | C9: Novák | D9: Praha | E9: 45748
B10: P031 | C10: Vodička | D10: Čechy | E10: 44958
B11: P032 | C11: Veselá | D11: Čechy | E11: 45962
B12: P035 | C12: Bohatá | D12: Čechy | E12: 44958
B13: P037 | C13: Trlík | D13: Praha | E13: 44958
B14: P040 | C14: Bouše | D14: Čechy | E14: 45383
B15: P043 | C15: Náhlovská | D15: Morava | E15: 45536
... B34: P222 | C34: Tvrdík | D34: Morava | E34: 45809

Sheet prodeje
B2: Datum | C2: ID prodeje | D2: Skupina produktů | E2: typ fondu | F2: typ | G2: ID prodejce | H2: výše investice | I2: Region
B3: 45925 | C3: 20220003926 | D3: investice | E3: Konzervativní fond | F3: nákup | G3: P023 | H3: 100000 | I3: =VLOOKUP(G3,'rozdělení obchodníků'!B:D,3, ) -> Praha
B4: 45925 | C4: 20220003929 | D4: investice | E4: Konzervativní fond | F4: nákup | G4: P072 | H4: 100000 | I4: =VLOOKUP(G4,'rozdělení obchodníků'!B:D,3, ) -> Praha
B5: 45925 | C5: 20220003932 | D5: investice | E5: Konzervativní fond | F5: nákup | G5: P072 | H5: 1500000 | I5: =VLOOKUP(G5,'rozdělení obchodníků'!B:D,3, ) -> Praha
B6: 45925 | C6: 20220003935 | D6: investice | E6: Konzervativní fond | F6: nákup | G6: P072 | H6: 1500000 | I6: =VLOOKUP(G6,'rozdělení obchodníků'!B:D,3, ) -> Praha
B7: 45928 | C7: 20220003938 | D7: investice | E7: Konzervativní fond | F7: nákup | G7: P072 | H7: 500000 | I7: =VLOOKUP(G7,'rozdělení obchodníků'!B:D,3, ) -> Praha
B8: 45928 | C8: 20220003941 | D8: investice | E8: Konzervativní fond | F8: nákup | G8: P020 | H8: 500000 | I8: =VLOOKUP(G8,'rozdělení obchodníků'!B:D,3, ) -> Praha
B9: 45928 | C9: 20220003944 | D9: investice | E9: Konzervativní fond | F9: nákup | G9: P020 | H9: 1000000 | I9: =VLOOKUP(G9,'rozdělení obchodníků'!B:D,3, ) -> Praha
B10: 45928 | C10: 20220003947 | D10: investice | E10: Akciový fond | F10: nákup | G10: P037 | H10: 100000 | I10: =VLOOKUP(G10,'rozdělení obchodníků'!B:D,3, ) -> Praha
B11: 45929 | C11: 20220003950 | D11: investice | E11: Akciový fond | F11: nákup | G11: P031 | H11: 1000000 | I11: =VLOOKUP(G11,'rozdělení obchodníků'!B:D,3, ) -> Čechy
B12: 45930 | C12: 20220012561 | D12: investice | E12: Konzervativní fond | F12: nákup | G12: P059 | H12: 250000 | I12: =VLOOKUP(G12,'rozdělení obchodníků'!B:D,3, ) -> Čechy
B13: 45930 | C13: 20220012563 | D13: investice | E13: Vyvážený fond | F13: nákup | G13: P059 | H13: 1500000 | I13: =VLOOKUP(G13,'rozdělení obchodníků'!B:D,3, ) -> Čechy
B14: 45930 | C14: 20220012565 | D14: investice | E14: Akciový fond | F14: nákup | G14: P059 | H14: 450000 | I14: =VLOOKUP(G14,'rozdělení obchodníků'!B:D,3, ) -> Čechy
... B521: 45964 | C521: 20220014079 | D521: investice | E521: Vyvážený fond | F521: nákup | G521: P088 | H521: 1000000 | I521: =VLOOKUP(G521,'rozdělení obchodníků'!B:D,3, ) -> Čechy
H522: =SUBTOTAL(109,Tabulka1[výše investice]) -> 264400000

Sheet Obchodní plán
B3: Prodejní plán
B5: Měsíc | C5: Region | D5: Výše plánu prodejů
B6: 45901 | C6: Praha | D6: 80000000
B7: 45901 | C7: Morava | D7: 60000000
B8: 45901 | C8: Čechy | D8: 55000000
B9: 45931 | C9: Praha | D9: 105000000
B10: 45931 | C10: Morava | D10: 95000000
B11: 45931 | C11: Čechy | D11: 75000000
B12: 45962 | C12: Praha | D12: 120000000
B13: 45962 | C13: Morava | D13: 100000000
B14: 45962 | C14: Čechy | D14: 95000000
B15: 45992 | C15: Praha | D15: 80000000
B16: 45992 | C16: Morava | D16: 60000000
B17: 45992 | C17: Čechy | D17: 50000000
D20: =SUM(D9:D11) -> 275000000
D26: Takže
D29: Za říjen realita | E29: 264400000 | H29: (ale je tam duplicitní ID prodeje … jinak by to vyšlo jinak)
D30: Za říjen plán | E30: =SUM(D9:D11) -> 275000000 | H30: k čemuž ale nemůže nastat, protože export takových dat bude pocházet ze systému, který to z principu musí mít ošetřené tak, že ID bude skutečně unikátní identifikátor
E31: =E29-E30 -> -10600000
E36: 96.15 %
